peciate,42761,,,,
Papulattice,40154,,,,
eveboy,33514,,,,
Tell,30249,,,,
Unbob,29215,,,,
Chea,28955,,,,
rawfishyy,20289,,,,
Reeja,20200,,,,
Contage,20021,,,,
onefriedegg,18278,,,,
2URGSE,15671,,,,
RJaja,14724,,,,
Seagully,13085,,,,
CodeBlocks,12526,,,,
Vanilla1,11476,,,,
gotnu,10827,,,,
Hoyuni,10717,,,,
Oosani,9743,,,,
shigu,9441,,,,
chegawd,8897,,,,
evecat,8746,,,,
DukyLeena,8477,,,,
"Automemo,",7353,,,,
PyroSunderArch,6459,,,,
owocodo,5873,,,,
Medicia,5370,,,,
HoodVille,4400,,,,
2huNeet,4245,,,,
stackcreeps,4027,,,,
BlazzDatAzz,3983,,,,
Chrisbtw,3762,,,,
Fham,3023,,,,
MoneyDice,1964,,,,
LÃ¼mp,1925,,,,
RamsaysK.,1864,,,,
Chrysalis,1597,,,,
DevilsSha.,1546,,,,
AlienTrash,493,,,,
AmesSlayer,310,,,,
